plan,vendor,plan_price_usd_month,model,model_slug,aa_score_provenance,meter_kind,meter_basis,monthly_ceiling_usd,blended_usd_per_mtok,traffic_mix,monthly_tokens_m,usd_per_mtok,evidence_class,source_url,read_date,notes
GLM Coding Plan Lite,Z.ai,18,GLM-5.3-Flash,glm-5-3-flash,leaderboard:aa-models-on-2026-10-02,CREDITS,"weekly 10,000 credits; off-peak 0.5x credit rate",,0.0353,95% cache read / off-peak credit rate,1264,0.0142,FIRST-PARTY-COMPUTED,https://docs.z.ai/devpack/overview.md,2026-10-02,"1264M = 292 M tok/week (95% cache, off-peak ceiling) x 4.33. Peak floor is 632M at $0.0285/M. Plan price confirmed first-party as 'starting at just 18 USD per month'."
GLM Coding Plan Lite,Z.ai,18,GLM-5.3,glm-5-3,leaderboard:aa-models-on-2026-10-02,CREDITS,"weekly 10,000 credits; off-peak 0.5x credit rate",,0.4237,95% cache read / off-peak credit rate,420,0.0429,FIRST-PARTY-COMPUTED,https://docs.z.ai/devpack/overview.md,2026-10-02,"420M = 97 M tok/week (95% cache, off-peak) x 4.33. Peak floor 208M at $0.0866/M."
GLM Coding Plan Pro,Z.ai,72,GLM-5.3-Flash,glm-5-3-flash,leaderboard:aa-models-on-2026-10-02,CREDITS,"weekly 60,000 credits; off-peak 0.5x credit rate",,0.0353,95% cache read / off-peak credit rate,7599,0.0095,UNKNOWN,https://docs.z.ai/devpack/overview.md,2026-10-02,"RECLASSIFIED 2026-10-07: evidence_class read CARRIED-FORWARD, which is a provenance note rather than one of the declared evidence classes. The price cannot be re-verified from anything archived in this pass, so the class is UNKNOWN and the provenance is recorded here. 1755 M tok/week x 4.33. Peak floor 3797M at $0.0190/M. PRICE PROVENANCE: the 2026-10-02 fetch of this page publishes only ""starting at just 18 USD per month""; it does not publish the Pro or Max price. This figure is carried from the 2026-09-20 pass and is not verifiable from the sources archived in this pass."
GLM Coding Plan Pro,Z.ai,72,GLM-5.3,glm-5-3,leaderboard:aa-models-on-2026-10-02,CREDITS,"weekly 60,000 credits; off-peak 0.5x credit rate",,0.4237,95% cache read / off-peak credit rate,2511,0.0287,UNKNOWN,https://docs.z.ai/devpack/overview.md,2026-10-02,"RECLASSIFIED 2026-10-07: evidence_class read CARRIED-FORWARD, which is a provenance note rather than one of the declared evidence classes. The price cannot be re-verified from anything archived in this pass, so the class is UNKNOWN and the provenance is recorded here. 580 M tok/week x 4.33. Peak floor 1256M at $0.0573/M. PRICE PROVENANCE: the 2026-10-02 fetch of this page publishes only ""starting at just 18 USD per month""; it does not publish the Pro or Max price. This figure is carried from the 2026-09-20 pass and is not verifiable from the sources archived in this pass."
GLM Coding Plan Max,Z.ai,160,GLM-5.3-Flash,glm-5-3-flash,leaderboard:aa-models-on-2026-10-02,CREDITS,"weekly 140,000 credits; off-peak 0.5x credit rate",,0.0353,95% cache read / off-peak credit rate,17731,0.0090,UNKNOWN,https://docs.z.ai/devpack/overview.md,2026-10-02,"RECLASSIFIED 2026-10-07: evidence_class read CARRIED-FORWARD, which is a provenance note rather than one of the declared evidence classes. The price cannot be re-verified from anything archived in this pass, so the class is UNKNOWN and the provenance is recorded here. 4095 M tok/week x 4.33. Peak floor 8864M at $0.0181/M. PRICE PROVENANCE: the 2026-10-02 fetch of this page publishes only ""starting at just 18 USD per month""; it does not publish the Pro or Max price. This figure is carried from the 2026-09-20 pass and is not verifiable from the sources archived in this pass."
GLM Coding Plan Max,Z.ai,160,GLM-5.3,glm-5-3,leaderboard:aa-models-on-2026-10-02,CREDITS,"weekly 140,000 credits; off-peak 0.5x credit rate",,0.4237,95% cache read / off-peak credit rate,5854,0.0273,UNKNOWN,https://docs.z.ai/devpack/overview.md,2026-10-02,"RECLASSIFIED 2026-10-07: evidence_class read CARRIED-FORWARD, which is a provenance note rather than one of the declared evidence classes. The price cannot be re-verified from anything archived in this pass, so the class is UNKNOWN and the provenance is recorded here. 1352 M tok/week x 4.33. Peak floor 2927M at $0.0547/M. PRICE PROVENANCE: the 2026-10-02 fetch of this page publishes only ""starting at just 18 USD per month""; it does not publish the Pro or Max price. This figure is carried from the 2026-09-20 pass and is not verifiable from the sources archived in this pass."
GLM Team Plan Standard Seat,Z.ai,UNKNOWN,GLM-5.3-Flash,glm-5-3-flash,leaderboard:aa-models-on-2026-10-02,CREDITS,"weekly 66,000 credits; off-peak 0.5x credit rate",,,95% cache read / off-peak credit rate,,UNKNOWN,FIRST-PARTY-COMPUTED,https://docs.z.ai/devpack/teamplan.md,2026-10-02,Seat price is not published anywhere on the page. Deliberately not estimated. Overage beyond the weekly credits bills at 10% off API list.
GLM Team Plan Premium Seat,Z.ai,UNKNOWN,GLM-5.3-Flash,glm-5-3-flash,leaderboard:aa-models-on-2026-10-02,CREDITS,"weekly 155,000 credits; off-peak 0.5x credit rate",,,95% cache read / off-peak credit rate,,UNKNOWN,FIRST-PARTY-COMPUTED,https://docs.z.ai/devpack/teamplan.md,2026-10-02,Seat price is not published anywhere on the page. Deliberately not estimated. Overage beyond the weekly credits bills at 10% off API list.
OpenCode Go,OpenCode,10,Muse Spark 1.3 Contributor,muse-spark-1-3-contributor,unscored:notFound-on-leaderboard-2026-10-06,DOLLAR-CEILING,per-model monthly dollar ceiling $60; drawn against a shared $60/month pool,60,0.0054,97% cache read / 2.5% fresh input / 0.5% output,11029,0.0009,FIRST-PARTY-COMPUTED,https://opencode.ai/docs/go/,2026-10-02,"Cheapest single-model figure in this pass. 97% cache / 2.5% in / 0.5% out. The same method on a no-cache mix gives $0.0208/M, so the figure is only meaningful next to its mix. CAPACITY PROVENANCE (corrected 2026-10-06): the $60 is min(shared monthly pool, per-model cap) and per-model ceilings within one plan are NOT additive, so this 11029M requires the whole month on one model. USER-METER EVIDENCE: anomalyco/opencode#52962 reports every paid model blocked at $4.38 total spend; #49186 reports a per-model limit consuming the shared pool; #47547 reports 100% at $22.18 of $60 summed across three models. PROVENANCE: this SKU has NO Artificial Analysis score (notFound on the 2026-10-06 board); the base model muse-spark-1-3 scores 48.0923. The 2026-10-02 pass joined the Contributor to the base model's score; corrected here. Planning number 11029M advertised / 2073-2900M measured."
OpenCode Go,OpenCode,10,MiMo-V2.6-Flash,,UNKNOWN,DOLLAR-CEILING,per-model monthly dollar ceiling $60; drawn against a shared $60/month pool,60,0.0076,97% cache read / 2.5% fresh input / 0.5% output,7878,0.0013,FIRST-PARTY-COMPUTED,https://opencode.ai/docs/go/,2026-10-02,Cache-heavy mix. No-cache mix gives $0.0292/M.
OpenCode Go,OpenCode,10,DeepSeek V4.1 Flash (off-peak),deepseek-v4-1-flash,leaderboard:aa-models-on-2026-10-02,DOLLAR-CEILING,per-model monthly dollar ceiling $60; drawn against a shared $60/month pool,60,0.0097,97% cache read / 2.5% fresh input / 0.5% output,6211,0.0016,FIRST-PARTY-COMPUTED,https://opencode.ai/docs/go/,2026-10-02,"Vendor publishes separate off-peak and peak ceilings and tariffs for this model. CORRECTED 2026-10-06: the $60 is a shared pool, not an independent per-model allowance; honest planning number 6211M advertised / 2073-2900M measured (three r/opencode user meters converging on a $20-28 effective pool)."
OpenCode Go,OpenCode,10,LongCat-2.0,,UNKNOWN,DOLLAR-CEILING,per-model monthly dollar ceiling $60; drawn against a shared $60/month pool,60,0.0193,97% cache read / 2.5% fresh input / 0.5% output,3106,0.0032,FIRST-PARTY-COMPUTED,https://opencode.ai/docs/go/,2026-10-02,
OpenCode Go,OpenCode,10,GLM-5.3-Flash,glm-5-3-flash,leaderboard:aa-models-on-2026-10-02,DOLLAR-CEILING,per-model monthly dollar ceiling $60; drawn against a shared $60/month pool,60,0.0353,97% cache read / 2.5% fresh input / 0.5% output,1697,0.0059,FIRST-PARTY-COMPUTED,https://opencode.ai/docs/go/,2026-10-02,"The same model as the Z.ai rows at 2.4x the price. The two vendors meter it differently, which is why their $/M differ."
OpenCode Go,OpenCode,10,Kimi K3,kimi-k3,leaderboard:aa-models-on-2026-10-02,DOLLAR-CEILING,per-model monthly dollar ceiling $15; drawn against the shared $60/month pool,15,0.4410,97% cache read / 2.5% fresh input / 0.5% output,34,0.2940,FIRST-PARTY-COMPUTED,https://opencode.ai/docs/go/,2026-10-02,"The $15 ceiling is a quarter of the $60 most models get, so the most expensive model on the plan is also the most rationed."
OpenCode Go,OpenCode,10,GPT 6 Luna (<=272K tokens),gpt-6-luna,leaderboard:aa-models-on-2026-10-02,DOLLAR-CEILING,per-model monthly dollar ceiling $15; drawn against the shared $60/month pool,15,0.0147,97% cache read / 2.5% fresh input / 0.5% output,1020,0.0098,FIRST-PARTY-COMPUTED,https://opencode.ai/docs/go/,2026-10-02,Vendor splits this model at 272K tokens with different prices either side.
OpenCode Go Plus,OpenCode,40,Muse Spark 1.3 Contributor,muse-spark-1-3-contributor,unscored:notFound-on-leaderboard-2026-10-06,DOLLAR-CEILING,per-model monthly dollar ceiling $120; drawn against a shared $120/month pool,120,0.0054,97% cache read / 2.5% fresh input / 0.5% output,22059,0.0018,FIRST-PARTY-COMPUTED,https://opencode.ai/docs/go/,2026-10-02,"The ceiling doubles and the price goes up 4x, so $/M gets worse. Go Plus buys capacity, not price. PROVENANCE (corrected 2026-10-06): this SKU has NO Artificial Analysis score; the base model scores 48.0923."
OpenCode Go Plus,OpenCode,40,LongCat-2.0,,UNKNOWN,DOLLAR-CEILING,per-model monthly dollar ceiling $240; drawn against a shared $240/month pool,240,0.0193,97% cache read / 2.5% fresh input / 0.5% output,12422,0.0032,FIRST-PARTY-COMPUTED,https://opencode.ai/docs/go/,2026-10-02,"The only model where the 4x ceiling exactly offsets the 4x price, so $/M is unchanged."
Cursor Pro+,Cursor,60,frontier mix,,UNKNOWN,UNKNOWN,no published token allowance,,,97% cache read / 2.5% fresh input / 0.5% output,,UNKNOWN,FIRST-PARTY-PRICE-ONLY,https://cursor.com/pricing,2026-10-02,"Price read from the page's own schema.org Offer block. No token ceiling published, so no $/M is computable."
Cursor Pro,Cursor,20,frontier mix,,UNKNOWN,UNKNOWN,no published token allowance,,,97% cache read / 2.5% fresh input / 0.5% output,,UNKNOWN,FIRST-PARTY-PRICE-ONLY,https://cursor.com/pricing,2026-10-02,Same source. The full ladder in the Offer block is Hobby 0 / Pro 20 / Pro+ 60 / Ultra 200 / Teams 40 per user.
GitHub Copilot Pro,GitHub,10,model mix,,UNKNOWN,CREDITS,base credits plus a $5/mo flex allotment,,,95% cache read / off-peak credit rate,,UNKNOWN,FIRST-PARTY-PRICE-ONLY,https://github.com/features/copilot/plans,2026-10-02,"The page publishes the plan prices and the flex allowance separately and does not state a token or credit count per request, so the two cannot be turned into a $/M without a per-request cost the vendor does not publish. The 2026-09-20 pass recorded the combined total as 1,500 credits/month; the page does not publish a base credit figure that supports that number being read as a single allowance."
GitHub Copilot Pro+,GitHub,39,model mix,,UNKNOWN,CREDITS,base credits plus a $31/mo flex allotment,,,95% cache read / off-peak credit rate,,UNKNOWN,FIRST-PARTY-PRICE-ONLY,https://github.com/features/copilot/plans,2026-10-02,"Flex allotments are stated as variable and may change over time, so even the dollar figure carries a vendor caveat. Same reason no $/M is computable."
GitHub Copilot Max,GitHub,100,model mix,,UNKNOWN,CREDITS,base credits plus a $100/mo flex allotment,,,95% cache read / off-peak credit rate,,UNKNOWN,FIRST-PARTY-PRICE-ONLY,https://github.com/features/copilot/plans,2026-10-02,"Same structure. GitHub states flex allotments may change over time, which is a stronger caveat than a fixed ceiling and is recorded rather than smoothed."
