# Independent user meter readings on OpenCode Go, converted to a token yield.
# The vendor publishes a $60 monthly limit per model. These are the readings that
# say the limit binds far earlier. Both are r/opencode posts retrieved from the
# archived feed in sources/reddit-r-opencode-search.xml (fetched 2026-10-06), where
# the full post bodies are present; the quotes are verbatim from that archive.
# Conversion is CONVERTED at the vendor's own published prices and the standard mix.
# A user meter is not a vendor statement, so these rows are THIRD-PARTY and are
# never ranked against published ceilings in the same table.
post_id,subreddit,posted,model_named,quoted_text,reported_effective_usd,reported_pct_at_spend_usd,blended_usd_per_mtok,traffic_mix,tokens_m_converted,conversion_usd_per_mtok,evidence_class,source_url,read_date,notes
1wy907r,r/opencode,2026-10-05,glm + deepseek + mimo,"I seem to hit my monthly limit on 20$, when ive only used my sub on glm, deepseek and mimo.",20,,0.00966,97% cache read / 2.5% fresh input / 0.5% output,2070,,THIRD-PARTY,https://www.reddit.com/r/opencode/comments/1wy907r/,2026-10-06,"A user blocked at $20 total account spend across three models. The lower bound of the measured range. Converted at the DeepSeek V4.1 Flash off-peak blended rate, which is the cheapest of the three named models, so the true token count is at or above this figure."
1wy6vby,r/opencode,2026-10-05,deepseek v4.1 flash,"deepseek v4.1 flash supposed to have 60$ limit, but according to this 7.56$ usage = 27% with these calculations i get about 28$ worth of usage per month",28,27,0.00966,97% cache read / 2.5% fresh input / 0.5% output,2899,,THIRD-PARTY,https://www.reddit.com/r/opencode/comments/1wy6vby/,2026-10-06,"A user reading their own meter at 7.56 USD of spend showing 27% consumed, which extrapolates to about $28 of usable allowance. The upper bound of the measured range. The 7.56/27% ratio implies an effective $28 pool rather than the published $60."
52962,anomalyco/opencode,2026-10-03,deepseek-v4-1-flash + 4 others never used,"all five paid models return the identical `Go usage limit exceeded` error",4.38,,0.00966,97% cache read / 2.5% fresh input / 0.5% output,453,,THIRD-PARTY,https://github.com/anomalyco/opencode/issues/52962,2026-10-06,"The strongest single datum and the lowest. Five models blocked at $4.38 total account spend, one of which had consumed $0.29 of its own documented $60 and four of which had never been called at all. Closed as a duplicate on 2026-10-03."
49186,anomalyco/opencode,2026-09-15,kimi-k3,"the usage was actually deducted from the same shared Go monthly quota",UNKNOWN,,0.44100,97% cache read / 2.5% fresh input / 0.5% output,UNKNOWN,,THIRD-PARTY,https://github.com/anomalyco/opencode/issues/49186,2026-10-06,"Open rather than closed. A user who believed a displayed per-model limit was independent and found it drawing on the shared monthly pool. No dollar figure given, so no conversion is published."
47547,anomalyco/opencode,2026-09-06,three deepseek variants,"Total actual spend: $22.18 out of the $60 monthly limit = ~37%",22.18,100,0.00966,97% cache read / 2.5% fresh input / 0.5% output,2296,,THIRD-PARTY,https://github.com/anomalyco/opencode/issues/47547,2026-10-06,"Blocked at a reported 100% while $22.18 of $60 was actually spent. The reporter's own diagnosis is that the aggregate is a sum of per-model percentages (47.8 + 34.7 + 17.5 = 100.0) rather than a ratio of dollars to the pool."
46365,anomalyco/opencode,2026-08-31,model mix,"Monthly Usage: 100% while the sum of all model usages is only about $24.53",24.53,100,0.00966,97% cache read / 2.5% fresh input / 0.5% output,2539,,THIRD-PARTY,https://github.com/anomalyco/opencode/issues/46365,2026-10-06,"Blocked at a reported 100% on less than half the documented pool. The user quotes the vendor's own documentation: Monthly limit - $60 of usage. CORRECTED 2026-10-07: tokens_m_converted read 2538, which is not the rounded conversion of any figure on this row. 24.53 / 0.00966 = 2539.34, so the row now reads 2539."