# Capability evidence for the SKUs this pass turns on, one row per source and model. The Intelligence Index rows are reproduced by data/aa-lookup.csv,
# which the gate re-checks against the archived payload; this file adds the non-leaderboard sources and says whether each figure can be compared with
# the 39.4562 bar (deepseek-v4-1-flash on the same payload). A score on another scale, or on another slug, is never comparable.
source,model_as_named,score,scale,comparable_with_bar,verdict,evidence_class,source_url,read_date,archived_file,notes
Artificial Analysis leaderboard payload,muse-spark-1-3-contributor,UNKNOWN,Intelligence Index,no,notFound,DOCUMENTED,https://artificialanalysis.ai/leaderboards/models,2026-10-07,sources/aa-leaderboard-models.html,"Absent from the 681 scored slugs. The base muse-spark-1-3 scores 48.0923 as 'Muse Spark 1.3 (Max)' and muse-spark-1-3-xhigh 45.0733; neither is the sold SKU."
Artificial Analysis leaderboard payload,muse-spark-1-2-contributor,UNKNOWN,Intelligence Index,no,notFound,DOCUMENTED,https://artificialanalysis.ai/leaderboards/models,2026-10-07,sources/aa-leaderboard-models.html,The base muse-spark-1-2 scores 39.5759 as 'Muse Spark 1.2 (Xhigh)'.
Artificial Analysis per-model page,muse-spark-1-3-contributor,UNKNOWN,Intelligence Index,no,HTTP 404,DOCUMENTED,https://artificialanalysis.ai/models/muse-spark-1-3-contributor,2026-10-07,UNKNOWN,The 404 is recorded in data/fetch-log.json; no body was archived.
Artificial Analysis per-model page,muse-spark-1-2-contributor,UNKNOWN,Intelligence Index,no,HTTP 404,DOCUMENTED,https://artificialanalysis.ai/models/muse-spark-1-2-contributor,2026-10-07,UNKNOWN,The 404 is recorded in data/fetch-log.json; no body was archived.
Meta developer docs (reasoning),Muse Spark Contributor tier,UNKNOWN,none,no,max effort not available,DOCUMENTED,https://dev.meta.ai/docs/reasoning,2026-10-07,sources/leaderboard/meta-reasoning.html,"'Standard-tier muse-spark-1.3 only; not available on Contributor-tier models' (said of the 'max' effort). The base 48.0923 is the Max configuration, so it cannot transfer to a Contributor SKU even if the weights are shared."
Command Code GOAT model table,Muse Spark 1.3 Contributor,UNKNOWN,Command Code score column,no,not yet scored,DOCUMENTED,https://commandcode.ai/docs/plans/goat,2026-10-07,sources/drift-vendors/commandcode-goat.html,Same cell in the 2026-10-06 archive.
Command Code GOAT model table,Muse Spark 1.2 Contributor,UNKNOWN,Command Code score column,no,not yet scored,DOCUMENTED,https://commandcode.ai/docs/plans/goat,2026-10-07,sources/drift-vendors/commandcode-goat.html,
Command Code GOAT model table,Ling 3.1 Flash (free),UNKNOWN,Command Code score column,no,not yet scored,DOCUMENTED,https://commandcode.ai/docs/plans/goat,2026-10-07,sources/drift-vendors/commandcode-goat.html,"The vendor serving the $0 lane does not attach the leaderboard's ling-3-1-flash score to it, although the leaderboard scores that slug at 41.0906."
Artificial Analysis leaderboard payload,ling-3-1-flash,41.0906,Intelligence Index,yes (for the scored checkpoint only),scored,DOCUMENTED,https://artificialanalysis.ai/leaderboards/models,2026-10-07,sources/aa-leaderboard-models.html,"Payload fields: isReasoning true, contextWindowTokens 1000000, isOpenWeights false, price1mInputTokens 0.3, price1mOutputTokens 0.9, cacheHitPrice 0.06. The $0 endpoints in data/free-lanes.csv advertise 262K context; identity UNKNOWN."
Artificial Analysis leaderboard payload,mimo-v2-5,UNKNOWN,Intelligence Index,no,notFound,DOCUMENTED,https://artificialanalysis.ai/leaderboards/models,2026-10-07,sources/aa-leaderboard-models.html,"A different slug, mimo-v2-5-0424, is named 'MiMo-V2.5' and scores 25.1743."
Command Code GOAT model table,MiMo V2.5,25.2,Command Code score column (matches the leaderboard's mimo-v2-5-0424 rounded),no,scored below the bar,DOCUMENTED,https://commandcode.ai/docs/plans/goat,2026-10-07,sources/drift-vendors/commandcode-goat.html,"One vendor maps its MiMo V2.5 to a 25.2 score. If the OpenCode Go MiMo-V2.5 lane is the same model, it is 14 points below the bar rather than unscored; whether it is the same model is not established."
Artificial Analysis leaderboard payload,mimo-v2-6-flash,37.8844,Intelligence Index,yes,scored below the bar,DOCUMENTED,https://artificialanalysis.ai/leaderboards/models,2026-10-07,sources/aa-leaderboard-models.html,
Artificial Analysis leaderboard payload,solar-pro-2,6.9984,Intelligence Index,yes,scored (the only slug added since the 2026-10-06 archive),DOCUMENTED,https://artificialanalysis.ai/leaderboards/models,2026-10-07,sources/aa-leaderboard-models.html,Not a coding-plan lane in this market.
LMArena text leaderboard and Xiaomi MiMo-V2.5 page,MiMo-V2.5,UNKNOWN,Arena Elo and SWE-Bench Pro,no,different scales,THIRD-PARTY,https://lmarena.ai/leaderboard/text,2026-10-07,UNKNOWN,"Reported by an earlier worker: an Arena Elo and a vendor SWE-Bench Pro figure exist for a model named MiMo-V2.5. Not archived here (2.7 MB page), so the figures are not published. Neither scale converts to the Intelligence Index."
