# Cheapest cache-read prices found across the vendor pages archived in this pass, and what a stated spend buys at two traffic mixes.
# tokens_m_100pct_cache = usage_usd / cache_read_usd_per_1m: an upper bound that assumes every token is a cache hit and ignores cache priming, storage and output.
# blended_usd_per_mtok and tokens_m_97pct_mix use the repo's standard mix (traffic_mix column) and the same page's input and output prices.
# usage_usd is the dollars of model usage the spend buys: equal to the spend for raw credit, and the plan's credit value for a subscription.
# qualifies: yes = the leaderboard scores this exact model name at or above 39.4562; name-only = the name matches but the served mode is not established; no = unscored or below the bar.
vendor,model,aa_slug,aa_ii,qualifies,price_basis,cache_read_usd_per_1m,spend_usd,usage_usd,tokens_m_100pct_cache,traffic_mix,blended_usd_per_mtok,tokens_m_97pct_mix,why_it_fails_10000m_for_10usd,evidence_class,source_url,read_date,archived_file
OpenCode Go grid / DeepSeek / Command Code,DeepSeek V4.1 Flash (off-peak),deepseek-v4-1-flash,39.4562,yes,"raw credit at $0.15 / $0.60 / $0.003 per 1M, the same off-peak tariff on all three pages",0.003,10,10,3333,97% cache read / 2.5% fresh input / 0.5% output,0.00966,1035,The cheapest qualifying non-zero price on the grid; even the 100%-cache bound is a third of the target,FIRST-PARTY-COMPUTED,https://api-docs.deepseek.com/quick_start/pricing,2026-10-07,sources/drift-vendors/deepseek-pricing.html
OpenCode Go grid,Muse Spark 1.3 / 1.2 Contributor,muse-spark-1-3-contributor,UNKNOWN,no,raw-credit equivalent of $0.10 / $0.20 / $0.002 per 1M,0.002,10,10,5000,97% cache read / 2.5% fresh input / 0.5% output,0.00544,1838,notFound on the leaderboard; the cheapest non-zero price on the grid but not a qualifying one,FIRST-PARTY-COMPUTED,https://opencode.ai/docs/go.md,2026-10-07,sources/opencode-go/opencode-go.md
OpenCode Go grid,MiMo-V2.6-Flash,mimo-v2-6-flash,37.8844,no,raw-credit equivalent of $0.14 / $0.28 / $0.0028 per 1M,0.0028,10,10,3571,97% cache read / 2.5% fresh input / 0.5% output,0.007616,1313,Scored below the bar,FIRST-PARTY-COMPUTED,https://opencode.ai/docs/go.md,2026-10-07,sources/opencode-go/opencode-go.md
Volcengine Ark,deepseek-v4-1-flash (idle period),deepseek-v4-1-flash,39.4562,name-only,"CNY 1.00 input / 4.00 output / 0.02 cache hit (non-audio) per 1M in the idle period, at ECB 2026-10-06 reference rates EUR/USD 1.1269 and EUR/CNY 7.5554 (6.7046 CNY per USD)",0.002983,10,10,3352,97% cache read / 2.5% fresh input / 0.5% output,0.009605,1041,"Below $0.003 but above zero, so the bound moves from 3,333M to 3,352M; a cache-storage charge of CNY 0.017 per 1M per hour is excluded; bytes are an r.jina.ai rendering of the vendor page",FIRST-PARTY-COMPUTED,https://www.volcengine.com/docs/82379/1544106,2026-10-07,sources/falsify-wall/volcengine-pricing-1544106.jina.md
OpenRouter,deepseek/deepseek-v4.1-flash:batch,deepseek-v4-1-flash,39.4562,name-only,catalog price per token 1.12e-07 / 3.36e-07 / 3.36e-09,0.00336,10,10,2976,97% cache read / 2.5% fresh input / 0.5% output,0.007739,1292,Asynchronous batch only; below the bound either way,FIRST-PARTY-COMPUTED,https://openrouter.ai/api/v1/models,2026-10-07,sources/free-lanes/openrouter-models.json
OpenRouter,deepseek/deepseek-v4.1-flash,deepseek-v4-1-flash,39.4562,name-only,catalog price per token 3e-07 / 1.2e-06 / 6e-09,0.006,10,10,1667,97% cache read / 2.5% fresh input / 0.5% output,0.01932,518,DeepSeek's peak tariff,FIRST-PARTY-COMPUTED,https://openrouter.ai/api/v1/models,2026-10-07,sources/free-lanes/openrouter-models.json
StepFun Step Plan Flash Plus,step-5-preview,step-5,43.7343,name-only,"$9.99/month for 1,600M Credits at 'approximately $1 = 7M Credits'; step-5-preview $1.00 / $2.70 / $0.05 per 1M",0.05,9.99,228.57,4571,97% cache read / 2.5% fresh input / 0.5% output,0.087,2627,"The strongest paid counter-example found: a sub-$10 plan on a model the board names 'Step 5 Preview' at II 43.7343, still under half the target at 100% cache; the credit conversion is stated as approximate",FIRST-PARTY-COMPUTED,https://platform.stepfun.ai/docs/en/step-plan/overview.md,2026-10-07,sources/falsify-wall/stepfun-step-plan-overview.md
Cloudflare Workers AI,@cf/zai-org/glm-5.3-flash,glm-5-3-flash,41.8075,name-only,$0.150 / $0.500 / $0.030 per 1M,0.03,10,10,333,97% cache read / 2.5% fresh input / 0.5% output,0.03535,283,Cache price ten times the DeepSeek tariff,FIRST-PARTY-COMPUTED,https://developers.cloudflare.com/workers-ai/platform/pricing/,2026-10-07,sources/falsify-wall/cloudflare-workers-ai-pricing.html
Moonshot API,kimi-k3,kimi-k3,43.5938,name-only,$3.00 / $15.00 / $0.30 per 1M,0.3,10,10,33,97% cache read / 2.5% fresh input / 0.5% output,0.441,23,Cache price a hundred times the DeepSeek tariff,FIRST-PARTY-COMPUTED,https://platform.moonshot.ai/docs/pricing/chat.md,2026-10-07,sources/falsify-wall/moonshot-pricing-chat.md
Xiaomi MiMo Token Plan Lite,MiMo V2.6 family,UNKNOWN,UNKNOWN,no,"$6/month ($5.28/month billed yearly); '49.2 Billion Credits', labelled 'Yearly package total'",UNKNOWN,6,UNKNOWN,UNKNOWN,97% cache read / 2.5% fresh input / 0.5% output,UNKNOWN,UNKNOWN,No credit-to-token conversion is published and the exact model is not named,FIRST-PARTY-PRICE-ONLY,https://platform.xiaomimimo.com/#/docs/pricing,2026-10-07,sources/falsify-wall/xiaomi-mimo-pricing.jina.md
Kimi Code Plus,K3,kimi-k3,43.5938,name-only,"$19/month, or $15/month billed annually; 'K3 available on Plus plans and above'",UNKNOWN,19,UNKNOWN,UNKNOWN,97% cache read / 2.5% fresh input / 0.5% output,UNKNOWN,UNKNOWN,Price above $10 and no token allowance published,FIRST-PARTY-PRICE-ONLY,https://www.kimi.com/code,2026-10-07,sources/falsify-wall/kimi-code-page.jina.md
