# Z.ai GLM Coding Plan and Team Plan monthly token ceilings, recomputed here from page inputs only.
# credits per 1M tokens = multiplier x 100 (overview.md line 76: credits = tokens x multiplier / 10,000).
# multipliers input / cached input / output: GLM-5.3 6.9 / 1.7 / 24; GLM-5.3-Flash 2.3 / 0.56 / 8 (overview.md lines 97-108).
# credit_rate_factor: 0.5 off-peak and 1.0 peak (overview.md line 135 and line 138: peak is Monday to Friday 14:00-18:00 UTC+8).
# monthly credits = weekly credits x 4.33. The 5-hour caps are not the binding constraint for any tier at these schedules.
# usd_per_mtok = price_usd_month / tokens_m_per_month; UNKNOWN where the seat price is not published.
plan,model,weekly_credits,schedule,credit_rate_factor,traffic_mix,tokens_m_per_month,price_usd_month,usd_per_mtok,evidence_class,source_url,read_date,notes
GLM Coding Plan Lite,GLM-5.3,10000,off-peak only (the page maximum; reachable before and after 2026-10-07),0.500000,97% cache read / 2.5% fresh input / 0.5% output,446,18,0.0404,FIRST-PARTY-COMPUTED,https://docs.z.ai/devpack/overview.md,2026-10-07,"Lite weekly credits 10,000 (sources/zai/zai-overview.md line 65); price: 'Starting at just 18 USD per month' (line 43)"
GLM Coding Plan Lite,GLM-5.3,10000,uniform 24x7 after the all-day window ends (20 peak of 168 hours),0.559524,97% cache read / 2.5% fresh input / 0.5% output,399,18,0.0452,FIRST-PARTY-COMPUTED,https://docs.z.ai/devpack/overview.md,2026-10-07,"Lite weekly credits 10,000 (sources/zai/zai-overview.md line 65); price: 'Starting at just 18 USD per month' (line 43)"
GLM Coding Plan Lite,GLM-5.3,10000,peak only (the page minimum),1.000000,97% cache read / 2.5% fresh input / 0.5% output,223,18,0.0807,FIRST-PARTY-COMPUTED,https://docs.z.ai/devpack/overview.md,2026-10-07,"Lite weekly credits 10,000 (sources/zai/zai-overview.md line 65); price: 'Starting at just 18 USD per month' (line 43)"
GLM Coding Plan Lite,GLM-5.3-Flash,10000,off-peak only (the page maximum; reachable before and after 2026-10-07),0.500000,97% cache read / 2.5% fresh input / 0.5% output,1352,18,0.0133,FIRST-PARTY-COMPUTED,https://docs.z.ai/devpack/overview.md,2026-10-07,"Lite weekly credits 10,000 (sources/zai/zai-overview.md line 65); price: 'Starting at just 18 USD per month' (line 43)"
GLM Coding Plan Lite,GLM-5.3-Flash,10000,uniform 24x7 after the all-day window ends (20 peak of 168 hours),0.559524,97% cache read / 2.5% fresh input / 0.5% output,1208,18,0.0149,FIRST-PARTY-COMPUTED,https://docs.z.ai/devpack/overview.md,2026-10-07,"Lite weekly credits 10,000 (sources/zai/zai-overview.md line 65); price: 'Starting at just 18 USD per month' (line 43)"
GLM Coding Plan Lite,GLM-5.3-Flash,10000,peak only (the page minimum),1.000000,97% cache read / 2.5% fresh input / 0.5% output,676,18,0.0266,FIRST-PARTY-COMPUTED,https://docs.z.ai/devpack/overview.md,2026-10-07,"Lite weekly credits 10,000 (sources/zai/zai-overview.md line 65); price: 'Starting at just 18 USD per month' (line 43)"
GLM Coding Plan Pro,GLM-5.3,60000,off-peak only (the page maximum; reachable before and after 2026-10-07),0.500000,97% cache read / 2.5% fresh input / 0.5% output,2676,80,0.0299,DOCUMENTED,https://docs.z.ai/devpack/overview.md,2026-10-07,"Pro weekly credits 60,000 (zai-overview.md line 66); price 80 is the V3 static fallback in sources/zai/zai-subscribe-chunk-38aiay3p71_3a.js (money:80); live checkout price needs login"
GLM Coding Plan Pro,GLM-5.3,60000,uniform 24x7 after the all-day window ends (20 peak of 168 hours),0.559524,97% cache read / 2.5% fresh input / 0.5% output,2392,80,0.0335,DOCUMENTED,https://docs.z.ai/devpack/overview.md,2026-10-07,"Pro weekly credits 60,000 (zai-overview.md line 66); price 80 is the V3 static fallback in sources/zai/zai-subscribe-chunk-38aiay3p71_3a.js (money:80); live checkout price needs login"
GLM Coding Plan Pro,GLM-5.3,60000,peak only (the page minimum),1.000000,97% cache read / 2.5% fresh input / 0.5% output,1338,80,0.0598,DOCUMENTED,https://docs.z.ai/devpack/overview.md,2026-10-07,"Pro weekly credits 60,000 (zai-overview.md line 66); price 80 is the V3 static fallback in sources/zai/zai-subscribe-chunk-38aiay3p71_3a.js (money:80); live checkout price needs login"
GLM Coding Plan Pro,GLM-5.3-Flash,60000,off-peak only (the page maximum; reachable before and after 2026-10-07),0.500000,97% cache read / 2.5% fresh input / 0.5% output,8110,80,0.0099,DOCUMENTED,https://docs.z.ai/devpack/overview.md,2026-10-07,"Pro weekly credits 60,000 (zai-overview.md line 66); price 80 is the V3 static fallback in sources/zai/zai-subscribe-chunk-38aiay3p71_3a.js (money:80); live checkout price needs login"
GLM Coding Plan Pro,GLM-5.3-Flash,60000,uniform 24x7 after the all-day window ends (20 peak of 168 hours),0.559524,97% cache read / 2.5% fresh input / 0.5% output,7247,80,0.0110,DOCUMENTED,https://docs.z.ai/devpack/overview.md,2026-10-07,"Pro weekly credits 60,000 (zai-overview.md line 66); price 80 is the V3 static fallback in sources/zai/zai-subscribe-chunk-38aiay3p71_3a.js (money:80); live checkout price needs login"
GLM Coding Plan Pro,GLM-5.3-Flash,60000,peak only (the page minimum),1.000000,97% cache read / 2.5% fresh input / 0.5% output,4055,80,0.0197,DOCUMENTED,https://docs.z.ai/devpack/overview.md,2026-10-07,"Pro weekly credits 60,000 (zai-overview.md line 66); price 80 is the V3 static fallback in sources/zai/zai-subscribe-chunk-38aiay3p71_3a.js (money:80); live checkout price needs login"
GLM Coding Plan Max,GLM-5.3,140000,off-peak only (the page maximum; reachable before and after 2026-10-07),0.500000,97% cache read / 2.5% fresh input / 0.5% output,6245,168,0.0269,DOCUMENTED,https://docs.z.ai/devpack/overview.md,2026-10-07,"Max weekly credits 140,000 (zai-overview.md line 67); price 168 is the V3 static fallback in the same chunk (money:168); live checkout price needs login"
GLM Coding Plan Max,GLM-5.3,140000,uniform 24x7 after the all-day window ends (20 peak of 168 hours),0.559524,97% cache read / 2.5% fresh input / 0.5% output,5580,168,0.0301,DOCUMENTED,https://docs.z.ai/devpack/overview.md,2026-10-07,"Max weekly credits 140,000 (zai-overview.md line 67); price 168 is the V3 static fallback in the same chunk (money:168); live checkout price needs login"
GLM Coding Plan Max,GLM-5.3,140000,peak only (the page minimum),1.000000,97% cache read / 2.5% fresh input / 0.5% output,3122,168,0.0538,DOCUMENTED,https://docs.z.ai/devpack/overview.md,2026-10-07,"Max weekly credits 140,000 (zai-overview.md line 67); price 168 is the V3 static fallback in the same chunk (money:168); live checkout price needs login"
GLM Coding Plan Max,GLM-5.3-Flash,140000,off-peak only (the page maximum; reachable before and after 2026-10-07),0.500000,97% cache read / 2.5% fresh input / 0.5% output,18923,168,0.0089,DOCUMENTED,https://docs.z.ai/devpack/overview.md,2026-10-07,"Max weekly credits 140,000 (zai-overview.md line 67); price 168 is the V3 static fallback in the same chunk (money:168); live checkout price needs login"
GLM Coding Plan Max,GLM-5.3-Flash,140000,uniform 24x7 after the all-day window ends (20 peak of 168 hours),0.559524,97% cache read / 2.5% fresh input / 0.5% output,16910,168,0.0099,DOCUMENTED,https://docs.z.ai/devpack/overview.md,2026-10-07,"Max weekly credits 140,000 (zai-overview.md line 67); price 168 is the V3 static fallback in the same chunk (money:168); live checkout price needs login"
GLM Coding Plan Max,GLM-5.3-Flash,140000,peak only (the page minimum),1.000000,97% cache read / 2.5% fresh input / 0.5% output,9462,168,0.0178,DOCUMENTED,https://docs.z.ai/devpack/overview.md,2026-10-07,"Max weekly credits 140,000 (zai-overview.md line 67); price 168 is the V3 static fallback in the same chunk (money:168); live checkout price needs login"
GLM Team Plan Standard Seat,GLM-5.3,66000,off-peak only (the page maximum; reachable before and after 2026-10-07),0.500000,97% cache read / 2.5% fresh input / 0.5% output,2944,UNKNOWN,UNKNOWN,FIRST-PARTY-COMPUTED,https://docs.z.ai/devpack/teamplan.md,2026-10-07,"Standard Seat weekly credits 66,000 (sources/zai/zai-teamplan.md line 30); seat price not published on the page"
GLM Team Plan Standard Seat,GLM-5.3,66000,uniform 24x7 after the all-day window ends (20 peak of 168 hours),0.559524,97% cache read / 2.5% fresh input / 0.5% output,2631,UNKNOWN,UNKNOWN,FIRST-PARTY-COMPUTED,https://docs.z.ai/devpack/teamplan.md,2026-10-07,"Standard Seat weekly credits 66,000 (sources/zai/zai-teamplan.md line 30); seat price not published on the page"
GLM Team Plan Standard Seat,GLM-5.3,66000,peak only (the page minimum),1.000000,97% cache read / 2.5% fresh input / 0.5% output,1472,UNKNOWN,UNKNOWN,FIRST-PARTY-COMPUTED,https://docs.z.ai/devpack/teamplan.md,2026-10-07,"Standard Seat weekly credits 66,000 (sources/zai/zai-teamplan.md line 30); seat price not published on the page"
GLM Team Plan Standard Seat,GLM-5.3-Flash,66000,off-peak only (the page maximum; reachable before and after 2026-10-07),0.500000,97% cache read / 2.5% fresh input / 0.5% output,8921,UNKNOWN,UNKNOWN,FIRST-PARTY-COMPUTED,https://docs.z.ai/devpack/teamplan.md,2026-10-07,"Standard Seat weekly credits 66,000 (sources/zai/zai-teamplan.md line 30); seat price not published on the page"
GLM Team Plan Standard Seat,GLM-5.3-Flash,66000,uniform 24x7 after the all-day window ends (20 peak of 168 hours),0.559524,97% cache read / 2.5% fresh input / 0.5% output,7972,UNKNOWN,UNKNOWN,FIRST-PARTY-COMPUTED,https://docs.z.ai/devpack/teamplan.md,2026-10-07,"Standard Seat weekly credits 66,000 (sources/zai/zai-teamplan.md line 30); seat price not published on the page"
GLM Team Plan Standard Seat,GLM-5.3-Flash,66000,peak only (the page minimum),1.000000,97% cache read / 2.5% fresh input / 0.5% output,4460,UNKNOWN,UNKNOWN,FIRST-PARTY-COMPUTED,https://docs.z.ai/devpack/teamplan.md,2026-10-07,"Standard Seat weekly credits 66,000 (sources/zai/zai-teamplan.md line 30); seat price not published on the page"
GLM Team Plan Premium Seat,GLM-5.3,155000,off-peak only (the page maximum; reachable before and after 2026-10-07),0.500000,97% cache read / 2.5% fresh input / 0.5% output,6914,UNKNOWN,UNKNOWN,FIRST-PARTY-COMPUTED,https://docs.z.ai/devpack/teamplan.md,2026-10-07,"Premium Seat weekly credits 155,000 (zai-teamplan.md line 31); seat price not published on the page"
GLM Team Plan Premium Seat,GLM-5.3,155000,uniform 24x7 after the all-day window ends (20 peak of 168 hours),0.559524,97% cache read / 2.5% fresh input / 0.5% output,6178,UNKNOWN,UNKNOWN,FIRST-PARTY-COMPUTED,https://docs.z.ai/devpack/teamplan.md,2026-10-07,"Premium Seat weekly credits 155,000 (zai-teamplan.md line 31); seat price not published on the page"
GLM Team Plan Premium Seat,GLM-5.3,155000,peak only (the page minimum),1.000000,97% cache read / 2.5% fresh input / 0.5% output,3457,UNKNOWN,UNKNOWN,FIRST-PARTY-COMPUTED,https://docs.z.ai/devpack/teamplan.md,2026-10-07,"Premium Seat weekly credits 155,000 (zai-teamplan.md line 31); seat price not published on the page"
GLM Team Plan Premium Seat,GLM-5.3-Flash,155000,off-peak only (the page maximum; reachable before and after 2026-10-07),0.500000,97% cache read / 2.5% fresh input / 0.5% output,20951,UNKNOWN,UNKNOWN,FIRST-PARTY-COMPUTED,https://docs.z.ai/devpack/teamplan.md,2026-10-07,"Premium Seat weekly credits 155,000 (zai-teamplan.md line 31); seat price not published on the page"
GLM Team Plan Premium Seat,GLM-5.3-Flash,155000,uniform 24x7 after the all-day window ends (20 peak of 168 hours),0.559524,97% cache read / 2.5% fresh input / 0.5% output,18722,UNKNOWN,UNKNOWN,FIRST-PARTY-COMPUTED,https://docs.z.ai/devpack/teamplan.md,2026-10-07,"Premium Seat weekly credits 155,000 (zai-teamplan.md line 31); seat price not published on the page"
GLM Team Plan Premium Seat,GLM-5.3-Flash,155000,peak only (the page minimum),1.000000,97% cache read / 2.5% fresh input / 0.5% output,10475,UNKNOWN,UNKNOWN,FIRST-PARTY-COMPUTED,https://docs.z.ai/devpack/teamplan.md,2026-10-07,"Premium Seat weekly credits 155,000 (zai-teamplan.md line 31); seat price not published on the page"
